glyph_name,ps_name,USV,sort_final,Dir,GID,Status,Font,Feature
.notdef,.notdef,,0,,4,Req,"ESM, ESN, EM, AAA",
.null,.null,,1,,1,Req,"ESM, ESN, EM, AAA",
nonmarkingreturn,nonmarkingreturn,,2,,2,Req,"ESM, ESN, EM, AAA",
space,space,20,3.1,,3,ReqImport,"ESM, ESN, EM, AAA",
space.latn,space.latn,,3.2,,,Latn,,latn
tab,tab,,4,,,Req,,
exclam,exclam,21,5.1,,6,ReqImport,"ESM, ESN, EM, AAA",
exclam.latn,exclam.latn,,5.2,,,Latn,,latn
quotedbl,quotedbl,22,6,,7,ReqImport,"ESM, ESN, EM, AAA",
numbersign,numbersign,23,7.1,,8,ReqImport,"ESM, ESN, EM, AAA",
numbersign.latn,numbersign.latn,,7.2,,,Latn,,latn
dollar,dollar,24,8,,9,ReqImport,"ESM, ESN, EM, AAA",
dollar.latn,dollar.latn,,8.1,,,Latn,,latn
percent,percent,25,9.1,,10,ReqImport,"ESM, ESN, EM, AAA",
percent.latn,percent.latn,,9.2,,,Latn,,latn
ampersand,ampersand,26,10,,11,Req,"ESM, ESN, EM, AAA",
quotesingle,quotesingle,27,11,,12,Req,"ESM, ESN, EM, AAA",
parenleft,parenleft,28,12.1,,13,ReqImport,"ESM, ESN, EM, AAA",
parentleft.latn,parentleft.latn,,12.2,,,Latn,,latn
parenright,parenright,29,13.1,,14,ReqImport,"ESM, ESN, EM, AAA",
parenright.latn,parenright.latn,,13.2,,,Latn,,latn
asterisk,asterisk,002A,14.1,,15,ReqImport,"ESM, ESN, EM, AAA",
asterisk.latn,asterisk.latn,,14.2,,,Latn,,latn
plus,plus,002B,15.1,,16,ReqImport,"ESM, ESN, EM, AAA",
plus.latn,plus.latn,,15.2,,,Latn,,latn
comma,comma,002C,16,,17,ReqImport,"ESM, ESN, EM, AAA",
hyphentwo,uni2010,2010,17,,18,Req,"ESM, ESN, EM, AAA",
hyphen,hyphen,002D,18.1,,,ReqImport,,
hyphen.latn,hyphen.latn,,18.2,,,Latn,,latn
period,period,002E,19.1,,19,ReqImport,"ESM, ESN, EM, AAA",
period.latn,period.latn,,19.2,,,Latn,,latn
slash,slash,002F,20.1,,20,ReqImport,"ESM, ESN, EM, AAA",
slash.latn,slash.latn,,20.2,,,Latn,,latn
zero,zero,30,30.1,,21,ReqImport,"ESM, ESN, EM, AAA",
zero.latn,zero.latn,,30.2,,,Latn,,latn
one,one,31,31.1,,22,ReqImport,"ESM, ESN, EM, AAA",
one.latn,one.latn,,31.2,,,Latn,,latn
two,two,32,32.1,,23,ReqImport,"ESM, ESN, EM, AAA",
two.latn,two.latn,,32.2,,,Latn,,latn
three,three,33,33.1,,24,ReqImport,"ESM, ESN, EM, AAA",
three.latn,three.latn,,33.2,,,Latn,,latn
four,four,34,34.1,,25,ReqImport,"ESM, ESN, EM, AAA",
four.latn,four.latn,,34.2,,,Latn,,latn
five,five,35,35.1,,26,ReqImport,"ESM, ESN, EM, AAA",
five.latn,five.latn,,35.2,,,Latn,,latn
six,six,36,36.1,,27,ReqImport,"ESM, ESN, EM, AAA",
six.latn,six.latn,,36.2,,,Latn,,latn
seven,seven,37,37.1,,28,ReqImport,"ESM, ESN, EM, AAA",
seven.latn,seven.latn,,37.2,,,Latn,,latn
eight,eight,38,38.1,,29,ReqImport,"ESM, ESN, EM, AAA",
eight.latn,eight.latn,,38.2,,,Latn,,latn
nine,nine,39,39.1,,30,ReqImport,"ESM, ESN, EM, AAA",
nine.latn,nine.latn,,39.2,,,Latn,,latn
colon,colon,003A,40.1,,31,ReqImport,"ESM, ESN, EM, AAA",
colon.latn,colon.latn,,40.2,,,Latn,,latn
semicolon,semicolon,003B,41,,32,Req,"ESM, ESN, EM, AAA",
less,less,003C,42.1,,33,ReqImport,"ESM, ESN, EM, AAA",
less.latn,less.latn,,42.2,,,Latn,,latn
equal,equal,003D,43.1,,34,ReqImport,"ESM, ESN, EM, AAA",
equal.latn,equal.latn,,43.2,,,Latn,,latn
greater,greater,003E,44.1,,35,ReqImport,"ESM, ESN, EM, AAA",
greater.latn,greater.latn,,44.2,,,Latn,,latn
question,question,003F,45,,36,Req,"ESM, ESN, EM, AAA",
at,at,40,46,,37,Req,"ESM, ESN, EM, AAA",
A,A,41,50,,38,Req,"ESM, ESN, EM, AAA",
B,B,42,51,,39,Req,"ESM, ESN, EM, AAA",
C,C,43,52,,40,Req,"ESM, ESN, EM, AAA",
D,D,44,53,,41,Req,"ESM, ESN, EM, AAA",
E,E,45,54,,42,Req,"ESM, ESN, EM, AAA",
F,F,46,55,,43,Req,"ESM, ESN, EM, AAA",
G,G,47,56,,44,Req,"ESM, ESN, EM, AAA",
H,H,48,57,,45,Req,"ESM, ESN, EM, AAA",
I,I,49,58,,46,Req,"ESM, ESN, EM, AAA",
J,J,004A,59,,47,Req,"ESM, ESN, EM, AAA",
K,K,004B,60,,48,Req,"ESM, ESN, EM, AAA",
L,L,004C,61,,49,Req,"ESM, ESN, EM, AAA",
M,M,004D,62,,50,Req,"ESM, ESN, EM, AAA",
N,N,004E,63,,51,Req,"ESM, ESN, EM, AAA",
O,O,004F,64,,52,Req,"ESM, ESN, EM, AAA",
P,P,50,65,,53,Req,"ESM, ESN, EM, AAA",
Q,Q,51,66,,54,Req,"ESM, ESN, EM, AAA",
R,R,52,67,,55,Req,"ESM, ESN, EM, AAA",
S,S,53,68,,56,Req,"ESM, ESN, EM, AAA",
T,T,54,69,,57,Req,"ESM, ESN, EM, AAA",
U,U,55,70,,58,Req,"ESM, ESN, EM, AAA",
V,V,56,71,,59,Req,"ESM, ESN, EM, AAA",
W,W,57,72,,60,Req,"ESM, ESN, EM, AAA",
X,X,58,73,,61,Req,"ESM, ESN, EM, AAA",
Y,Y,59,74,,62,Req,"ESM, ESN, EM, AAA",
Z,Z,005A,75,,63,Req,"ESM, ESN, EM, AAA",
bracketleft,bracketleft,005B,76,,64,Req,"ESM, ESN, EM, AAA",
bracketright,bracketright,005D,77,,66,Req,"ESM, ESN, EM, AAA",
backslash,backslash,005C,78,,65,Req,"ESM, ESN, EM, AAA",
underscore,underscore,005F,79,,68,Req,"ESM, ESN, EM, AAA",
a,a,61,80,,70,Req,"ESM, ESN, EM, AAA",
b,b,62,81,,71,Req,"ESM, ESN, EM, AAA",
c,c,63,82,,72,Req,"ESM, ESN, EM, AAA",
d,d,64,83,,73,Req,"ESM, ESN, EM, AAA",
e,e,65,84,,74,Req,"ESM, ESN, EM, AAA",
f,f,66,85,,75,Req,"ESM, ESN, EM, AAA",
g,g,67,86,,76,Req,"ESM, ESN, EM, AAA",
h,h,68,87,,77,Req,"ESM, ESN, EM, AAA",
i,i,69,88,,78,Req,"ESM, ESN, EM, AAA",
j,j,006A,89,,79,Req,"ESM, ESN, EM, AAA",
k,k,006B,90,,80,Req,"ESM, ESN, EM, AAA",
l,l,006C,91,,81,Req,"ESM, ESN, EM, AAA",
m,m,006D,92,,82,Req,"ESM, ESN, EM, AAA",
n,n,006E,93,,83,Req,"ESM, ESN, EM, AAA",
o,o,006F,94,,84,Req,"ESM, ESN, EM, AAA",
p,p,70,95,,85,Req,"ESM, ESN, EM, AAA",
q,q,71,96,,86,Req,"ESM, ESN, EM, AAA",
r,r,72,97,,87,Req,"ESM, ESN, EM, AAA",
s,s,73,98,,88,Req,"ESM, ESN, EM, AAA",
t,t,74,99,,89,Req,"ESM, ESN, EM, AAA",
u,u,75,100,,90,Req,"ESM, ESN, EM, AAA",
v,v,76,101,,91,Req,"ESM, ESN, EM, AAA",
w,w,77,102,,92,Req,"ESM, ESN, EM, AAA",
x,x,78,103,,93,Req,"ESM, ESN, EM, AAA",
y,y,79,104,,94,Req,"ESM, ESN, EM, AAA",
z,z,007A,105,,95,Req,"ESM, ESN, EM, AAA",
braceleft,braceleft,007B,110,,96,Req,"ESM, ESN, EM, AAA",
braceright,braceright,007D,111,,98,Req,"ESM, ESN, EM, AAA",
bar,bar,007C,112,,97,Req,"ESM, ESN, EM, AAA",
asciitilde,asciitilde,007E,113,,99,Req,"ESM, ESN, EM, AAA",
nbspace,uni00A0,00A0,114,,555,ReqImport,ESN & EM,
exclamdown,exclamdown,00A1,115,,100,Req,"ESM, ESN, EM, AAA",
cent,cent,00A2,116,,101,Req,"ESM, ESN, EM, AAA",
sterling,sterling,00A3,117,,102,Req,"ESM, ESN, EM, AAA",
currency,currency,00A4,118,,103,Req,"ESM, ESN, EM, AAA",
yen,yen,00A5,119,,104,Req,"ESM, ESN, EM, AAA",
brokenbar,brokenbar,00A6,120,,105,Req,"ESM, ESN, EM, AAA",
section,section,00A7,121,,106,Req,"ESM, ESN, EM, AAA",
copyright,copyright,00A9,122,,108,Req,"ESM, ESN, EM, AAA",
registered,registered,00AE,123,,112,Req,"ESM, ESN, EM, AAA",
ordfeminine,ordfeminine,00AA,124,,109,Req,"ESM, ESN, EM, AAA",
guillemetleft,guillemotleft,00AB,125,,110,Req,"ESM, ESN, EM, AAA",
logicalnot,logicalnot,00AC,126,,111,Req,"ESM, ESN, EM, AAA",
softhyphen,uni00AD,00AD,127,,,Req,,
degree,degree,00B0,128,,114,Req,"ESM, ESN, EM, AAA",
plusminus,plusminus,00B1,129,,115,Req,"ESM, ESN, EM, AAA",
asciicircum,asciicircum,005E,130,,67,Req,"ESM, ESN, EM, AAA",
micro,uni00B5,00B5,131,,,Req,,
paragraph,paragraph,00B6,132,,120,Req,"ESM, ESN, EM, AAA",
periodcentered,periodcentered,00B7,133,,556,Req,ESN & EM,
ordmasculine,ordmasculine,00BA,134,,124,Req,"ESM, ESN, EM, AAA",
guillemetright,guillemotright,00BB,135,,125,Req,"ESM, ESN, EM, AAA",
onesuperior,onesuperior,00B9,136,,123,Req,"ESM, ESN, EM, AAA",
twosuperior,twosuperior,00B2,137,,116,Req,"ESM, ESN, EM, AAA",
threesuperior,threesuperior,00B3,138,,117,Req,"ESM, ESN, EM, AAA",
foursuperior,uni2074,2074,139,,,Needed for component,,
onehalf,onehalf,00BD,140,,127,Req,"ESM, ESN, EM, AAA",
onequarter,onequarter,00BC,141,,126,Req,"ESM, ESN, EM, AAA",
threequarters,threequarters,00BE,142,,128,Req,"ESM, ESN, EM, AAA",
questiondown,questiondown,00BF,143,,129,Req,"ESM, ESN, EM, AAA",
Agrave,Agrave,00C0,150,,130,Req,"ESM, ESN, EM, AAA",
Aacute,Aacute,00C1,151,,131,Req,"ESM, ESN, EM, AAA",
Acircumflex,Acircumflex,00C2,152,,132,Req,"ESM, ESN, EM, AAA",
Atilde,Atilde,00C3,153,,133,Req,"ESM, ESN, EM, AAA",
Adieresis,Adieresis,00C4,154,,134,Req,"ESM, ESN, EM, AAA",
Aring,Aring,00C5,155,,135,Req,"ESM, ESN, EM, AAA",
AE,AE,00C6,156,,136,Req,"ESM, ESN, EM, AAA",
Ccedilla,Ccedilla,00C7,157,,137,Req,"ESM, ESN, EM, AAA",
Egrave,Egrave,00C8,158,,138,Req,"ESM, ESN, EM, AAA",
Eacute,Eacute,00C9,159,,139,Req,"ESM, ESN, EM, AAA",
Ecircumflex,Ecircumflex,00CA,160,,140,Req,"ESM, ESN, EM, AAA",
Edieresis,Edieresis,00CB,161,,141,Req,"ESM, ESN, EM, AAA",
Igrave,Igrave,00CC,162,,142,Req,"ESM, ESN, EM, AAA",
Iacute,Iacute,00CD,163,,143,Req,"ESM, ESN, EM, AAA",
Icircumflex,Icircumflex,00CE,164,,144,Req,"ESM, ESN, EM, AAA",
Idieresis,Idieresis,00CF,165,,145,Req,"ESM, ESN, EM, AAA",
Eth,Eth,00D0,166,,146,Req,"ESM, ESN, EM, AAA",
Ntilde,Ntilde,00D1,167,,147,Req,"ESM, ESN, EM, AAA",
Ograve,Ograve,00D2,168,,148,Req,"ESM, ESN, EM, AAA",
Oacute,Oacute,00D3,169,,149,Req,"ESM, ESN, EM, AAA",
Ocircumflex,Ocircumflex,00D4,170,,150,Req,"ESM, ESN, EM, AAA",
Otilde,Otilde,00D5,171,,151,Req,"ESM, ESN, EM, AAA",
Odieresis,Odieresis,00D6,172,,152,Req,"ESM, ESN, EM, AAA",
multiply,multiply,00D7,173,,153,Req,"ESM, ESN, EM, AAA",
Oslash,Oslash,00D8,174,,154,Req,"ESM, ESN, EM, AAA",
Ugrave,Ugrave,00D9,175,,155,Req,"ESM, ESN, EM, AAA",
Uacute,Uacute,00DA,176,,156,Req,"ESM, ESN, EM, AAA",
Ucircumflex,Ucircumflex,00DB,177,,157,Req,"ESM, ESN, EM, AAA",
Udieresis,Udieresis,00DC,178,,158,Req,"ESM, ESN, EM, AAA",
Yacute,Yacute,00DD,179,,159,Req,"ESM, ESN, EM, AAA",
Thorn,Thorn,00DE,180,,160,Req,"ESM, ESN, EM, AAA",
germandbls,germandbls,00DF,181,,161,Req,"ESM, ESN, EM, AAA",
agrave,agrave,`00E0,182,,162,Req,"ESM, ESN, EM, AAA",
aacute,aacute,`00E1,183,,163,Req,"ESM, ESN, EM, AAA",
acircumflex,acircumflex,`00E2,184,,164,Req,"ESM, ESN, EM, AAA",
atilde,atilde,`00E3,185,,165,Req,"ESM, ESN, EM, AAA",
adieresis,adieresis,`00E4,186,,166,Req,"ESM, ESN, EM, AAA",
aring,aring,`00E5,187,,167,Req,"ESM, ESN, EM, AAA",
ae,ae,`00E6,188,,168,Req,"ESM, ESN, EM, AAA",
ccedilla,ccedilla,`00E7,189,,169,Req,"ESM, ESN, EM, AAA",
egrave,egrave,`00E8,190,,170,Req,"ESM, ESN, EM, AAA",
eacute,eacute,`00E9,191,,171,Req,"ESM, ESN, EM, AAA",
ecircumflex,ecircumflex,00EA,192,,172,Req,"ESM, ESN, EM, AAA",
edieresis,edieresis,00EB,193,,173,Req,"ESM, ESN, EM, AAA",
igrave,igrave,00EC,194,,174,Req,"ESM, ESN, EM, AAA",
iacute,iacute,00ED,195,,175,Req,"ESM, ESN, EM, AAA",
icircumflex,icircumflex,00EE,196,,176,Req,"ESM, ESN, EM, AAA",
idieresis,idieresis,00EF,197,,177,Req,"ESM, ESN, EM, AAA",
eth,eth,00F0,198,,178,Req,"ESM, ESN, EM, AAA",
ntilde,ntilde,00F1,199,,179,Req,"ESM, ESN, EM, AAA",
ograve,ograve,00F2,200,,180,Req,"ESM, ESN, EM, AAA",
oacute,oacute,00F3,201,,181,Req,"ESM, ESN, EM, AAA",
ocircumflex,ocircumflex,00F4,202,,182,Req,"ESM, ESN, EM, AAA",
otilde,otilde,00F5,203,,183,Req,"ESM, ESN, EM, AAA",
odieresis,odieresis,00F6,204,,184,Req,"ESM, ESN, EM, AAA",
divide,divide,00F7,205,,185,Req,"ESM, ESN, EM, AAA",
oslash,oslash,00F8,206,,186,Req,"ESM, ESN, EM, AAA",
ugrave,ugrave,00F9,207,,187,Req,"ESM, ESN, EM, AAA",
uacute,uacute,00FA,208,,188,Req,"ESM, ESN, EM, AAA",
ucircumflex,ucircumflex,00FB,209,,189,Req,"ESM, ESN, EM, AAA",
udieresis,udieresis,00FC,210,,190,Req,"ESM, ESN, EM, AAA",
yacute,yacute,00FD,211,,191,Req,"ESM, ESN, EM, AAA",
thorn,thorn,00FE,212,,192,Req,"ESM, ESN, EM, AAA",
ydieresis,ydieresis,00FF,213,,193,Req,"ESM, ESN, EM, AAA",
idotless,dotlessi,131,214,,,Req,,
OE,OE,152,215,,,Req,,
oe,oe,153,216,,,Req,,
Scaron,Scaron,160,217,,,Req,,
scaron,scaron,161,218,,,Req,,
Ydieresis,Ydieresis,178,219,,,Req,,
Zcaron,Zcaron,017D,220,,,Req,,
zcaron,zcaron,017E,221,,,Req,,
florin,florin,192,222,,,Req,,
colontriangularmod,uni02D0,02D0,223,,,Req,,
grave,grave,60,224,,69,Req,"ESM, ESN, EM, AAA",
macron,macron,00AF,225,,,Req,,
dieresis,dieresis,00A8,226,,107,Req,"ESM, ESN, EM, AAA",
acute,acute,00B4,227,,118,Req,"ESM, ESN, EM, AAA",
cedilla,cedilla,00B8,228,,122,Req,"ESM, ESN, EM, AAA",
circumflex,circumflex,02C6,229,,,Req,,
caron,caron,02C7,230,,,Req,,
breve,breve,02D8,232,,,Req,,
dotaccent,dotaccent,02D9,233,,,Req,,
ring,ring,02DA,234,,,Req,,
ogonek,ogonek,02DB,235,,,Req,,
tilde,tilde,02DC,236,,,Req,,
hungarumlaut,hungarumlaut,02DD,237,,,Req,,
graphemejoinercomb,uni034F,034F,238,,,Req,,
pi,pi,03C0,239,,,Req,,
paragraph-syriac,uni0700,700,300,AL,278,Import,"ESM, ESN, EM, AAA",
fullstopSupralinear-syriac,uni0701,701,301,AL,279,Import,"ESM, ESN, EM, AAA",
fullstopSublinear-syriac,uni0702,702,302,AL,280,Import,"ESM, ESN, EM, AAA",
colonSupralinear-syriac,uni0703,703,303,AL,281,Import,"ESM, ESN, EM, AAA",
colonSublinear-syriac,uni0704,704,304,AL,282,Import,"ESM, ESN, EM, AAA",
colonHorizontal-syriac,uni0705,705,305,AL,283,Import,"ESM, ESN, EM, AAA",
colonSkewedleft-syriac,uni0706,706,306,AL,284,Import,"ESM, ESN, EM, AAA",
colonSkewedright-syriac,uni0707,707,307,AL,285,Import,"ESM, ESN, EM, AAA",
colonSkewedleftSupralinear-syriac,uni0708,708,308,AL,286,Import,"ESM, ESN, EM, AAA",
colonSkewedrightSublinear-syriac,uni0709,709,309,AL,287,Import,"ESM, ESN, EM, AAA",
contraction-syriac,uni070A,070A,310,AL,288,Import,"ESM, ESN, EM, AAA",
harkleanObelus-syriac,uni070B,070B,311,AL,289,Import,"ESM, ESN, EM, AAA",
harkleanMetobelus-syriac,uni070C,070C,312,AL,290,Import,"ESM, ESN, EM, AAA",
harkleanAsteriscus-syriac,uni070D,070D,313,AL,291,Import,"ESM, ESN, EM, AAA",
abbreviation-syriac,uni070F,070F,314,AL,292,Import,"ESM, ESN, EM, AAA",
alaph-syriac,uni0710,710,315,AL,293,Import,"ESM, ESN, EM, AAA",
alaph-syriac.medi,uni0710.medi,,316,AL,356,Import,"ESM, ESN, EM, AAA",
alaph-syriac.fina,uni0710.fina,,317,AL,357,Import,"ESM, ESN, EM, AAA",
alaph-syriac.fina.alt2,uni0710.fina.alt2,,318,AL,358,Import,"ESM, ESN, EM, AAA",alt2
alaph-syriac.fina.alt3,uni0710.fina.alt3,,319,AL,359,Import,"ESM, ESN, EM, AAA",alt3
alaphSuperscript-syriac,uni0711,711,320,NSM,294,Import,"ESM, ESN, EM, AAA",
beth-syriac,uni0712,712,321,AL,295,Import,"ESM, ESN, EM, AAA",
beth-syriac.init,uni0712.init,,322,AL,360,Import,"ESM, ESN, EM, AAA",
beth-syriac.medi,uni0712.medi,,323,AL,361,Import,"ESM, ESN, EM, AAA",
beth-syriac.fina,uni0712.fina,,324,AL,362,Import,"ESM, ESN, EM, AAA",
gamal-syriac,uni0713,713,325,AL,296,Import,"ESM, ESN, EM, AAA",
gamal-syriac.init,uni0713.init,,326,AL,363,Import,"ESM, ESN, EM, AAA",
gamal-syriac.medi,uni0713.medi,,327,AL,364,Import,"ESM, ESN, EM, AAA",
gamal-syriac.fina,uni0713.fina,,328,AL,365,Import,"ESM, ESN, EM, AAA",
gamalgarshuni-syriac,uni0714,714,329,AL,297,Import,"ESM, ESN, EM, AAA",
gamalgarshuni-syriac.init,uni0714.init,,330,AL,366,Import,"ESM, ESN, EM, AAA",
gamalgarshuni-syriac.medi,uni0714.medi,,331,AL,367,Import,"ESM, ESN, EM, AAA",
gamalgarshuni-syriac.fina,uni0714.fina,,332,AL,368,Import,"ESM, ESN, EM, AAA",
dalath-syriac,uni0715,715,333,AL,298,Import,"ESM, ESN, EM, AAA",
dalath-syriac.fina,uni0715.fina,,334,AL,369,Import,"ESM, ESN, EM, AAA",
dalath_hbasaEsasadotted-syriac,uni0715073C,,335,AL,442,Import,"ESM, ESN, AAA",
dalath_hbasaEsasadotted-syriac.fina,uni0715073C.fina,,336,AL,443,Import,"ESM, ESN, AAA",
dalathrishDotless-syriac,uni0716,716,337,AL,299,Import,"ESM, ESN, EM, AAA",
dalathrishDotless-syriac.fina,uni0716.fina,,338,AL,370,Import,"ESM, ESN, EM, AAA",
he-syriac,uni0717,717,339,AL,300,Import,"ESM, ESN, EM, AAA",
he-syriac.fina,uni0717.fina,,340,AL,371,Import,"ESM, ESN, EM, AAA",
he_yudh-syriac,uni0717071D,,341,AL,429,Import,"ESM, ESN, AAA",
he_yudh-syriac.fina,uni0717071D.fina,,342,AL,430,Import,"ESM, ESN, AAA",
waw-syriac,uni0718,718,343,AL,301,Import,"ESM, ESN, EM, AAA",
waw-syriac.fina,uni0718.fina,,344,AL,372,Import,"ESM, ESN, EM, AAA",
zain-syriac,uni0719,719,345,AL,302,Import,"ESM, ESN, EM, AAA",
zain-syriac.fina,uni0719.fina,,346,AL,373,Import,"ESM, ESN, EM, AAA",
heth-syriac,uni071A,071A,347,AL,303,Import,"ESM, ESN, EM, AAA",
heth-syriac.init,uni071A.init,,348,AL,374,Import,"ESM, ESN, EM, AAA",
heth-syriac.medi,uni071A.medi,,349,AL,375,Import,"ESM, ESN, EM, AAA",
heth-syriac.fina,uni071A.fina,,350,AL,376,Import,"ESM, ESN, EM, AAA",
teth-syriac,uni071B,071B,351,AL,304,Import,"ESM, ESN, EM, AAA",
teth-syriac.init,uni071B.init,,352,AL,377,Import,"ESM, ESN, EM, AAA",
teth-syriac.medi,uni071B.medi,,353,AL,378,Import,"ESM, ESN, EM, AAA",
teth-syriac.fina,uni071B.fina,,354,AL,379,Import,"ESM, ESN, EM, AAA",
tethGarshuni-syriac,uni071C,071C,355,AL,305,Import,"ESM, ESN, EM, AAA",
tethGarshuni-syriac.init,uni071C.init,,356,AL,380,Import,"ESM, ESN, EM, AAA",
tethGarshuni-syriac.medi,uni071C.medi,,357,AL,381,Import,"ESM, ESN, EM, AAA",
tethGarshuni-syriac.fina,uni071C.fina,,358,AL,382,Import,"ESM, ESN, EM, AAA",
yudh-syriac,uni071D,071D,359.1,AL,306,Import,"ESM, ESN, EM, AAA",
yudh-syriac.alt,uni071D.alt,,359.2,AL,,Import,EM,
yudh-syriac.init,uni071D.init,,360,AL,383,Import,"ESM, ESN, EM, AAA",
yudh-syriac.medi,uni071D.medi,,361,AL,384,Import,"ESM, ESN, EM, AAA",
yudh-syriac.fina,uni071D.fina,,362,AL,385,Import,"ESM, ESN, EM, AAA",
yudhhe-syriac,uni071E,071E,363,AL,307,Import,"ESM, ESN, EM, AAA",
yudhhe-syriac.fina,uni071E.fina,,364,AL,386,Import,"ESM, ESN, EM, AAA",
kaph-syriac,uni071F,071F,365,AL,208,Import,"ESM, ESN, EM, AAA",
kaph-syriac.init,uni071F.init,,366,AL,387,Import,"ESM, ESN, EM, AAA",
kaph-syriac.medi,uni071F.medi,,367,AL,388,Import,"ESM, ESN, EM, AAA",
kaph-syriac.fina,uni071F.fina,,368,AL,389,Import,"ESM, ESN, EM, AAA",
lamadh-syriac,uni0720,720,369,AL,309,Import,"ESM, ESN, EM, AAA",
lamadh-syriac.init,uni0720.init,,370,AL,390,Import,"ESM, ESN, EM, AAA",
lamadh-syriac.medi,uni0720.medi,,371,AL,391,Import,"ESM, ESN, EM, AAA",
lamadh-syriac.fina,uni0720.fina,,372,AL,392,Import,"ESM, ESN, EM, AAA",
lamadh_alaph-syriac,uni07200710,,373,AL,423,Import,"ESM, ESN, EM, AAA",
lamadh_alaph-syriac.fina,uni07200710.fina,,374,AL,424,Import,"ESM, ESN, EM, AAA",
mim-syriac,uni0721,721,375,AL,310,Import,"ESM, ESN, EM, AAA",
mim-syriac.init,uni0721.init,,376,AL,393,Import,"ESM, ESN, EM, AAA",
mim-syriac.medi,uni0721.medi,,377,AL,394,Import,"ESM, ESN, EM, AAA",
mim-syriac.fina,uni0721.fina,,378,AL,395,Import,"ESM, ESN, EM, AAA",
nun-syriac,uni0722,722,379.1,AL,311,Import,"ESM, ESN, EM, AAA",
nun-syriac.alt,uni0722.alt,,379.2,AL,,Import,EM,alternate?
nun-syriac.init,uni0722.init,,380,AL,396,Import,"ESM, ESN, EM, AAA",
nun-syriac.medi,uni0722.medi,,381,AL,397,Import,"ESM, ESN, EM, AAA",
nun-syriac.fina,uni0722.fina,,382,AL,398,Import,"ESM, ESN, EM, AAA",
semkath-syriac,uni0723,723,383,AL,312,Import,"ESM, ESN, EM, AAA",
semkath-syriac.init,uni0723.init,,384,AL,399,Import,"ESM, ESN, EM, AAA",
semkath-syriac.medi,uni0723.medi,,385,AL,400,Import,"ESM, ESN, EM, AAA",
semkath-syriac.fina,uni0723.fina,,386,AL,401,Import,"ESM, ESN, EM, AAA",
semkathFinal-syriac,uni0724,724,387,AL,313,Import,"ESM, ESN, EM, AAA",
semkathFinal-syriac.init,uni0724.init,,388,AL,402,Import,"ESM, ESN, EM, AAA",
semkathFinal-syriac.medi,uni0724.medi,,389,AL,403,Import,"ESM, ESN, EM, AAA",
semkathFinal-syriac.fina,uni0724.fina,,390,AL,404,Import,"ESM, ESN, EM, AAA",
e-syriac,uni0725,725,391,AL,314,Import,"ESM, ESN, EM, AAA",
e-syriac.init,uni0725.init,,392,AL,405,Import,"ESM, ESN, EM, AAA",
e-syriac.medi,uni0725.medi,,393,AL,406,Import,"ESM, ESN, EM, AAA",
e-syriac.fina,uni0725.fina,,394,AL,407,Import,"ESM, ESN, EM, AAA",
pe-syriac,uni0726,726,395,AL,315,Import,"ESM, ESN, EM, AAA",
pe-syriac.init,uni0726.init,,396,AL,408,Import,"ESM, ESN, EM, AAA",
pe-syriac.medi,uni0726.medi,,397,AL,409,Import,"ESM, ESN, EM, AAA",
pe-syriac.fina,uni0726.fina,,398,AL,410,Import,"ESM, ESN, EM, AAA",
pe_brevebelowcomb-syriac,uni0726032E,,399,AL,438,Import,"ESM, ESN, AAA",
pe_brevebelowcomb-syriac.init,uni0726032E.init,,400,AL,439,Import,"ESM, ESN, AAA",
pe_brevebelowcomb-syriac.medi,uni0726032E.medi,,401,AL,440,Import,"ESM, ESN, AAA",
pe_brevebelowcomb-syriac.fina,uni0726032E.fina,,402,AL,441,Import,"ESM, ESN, AAA",
reversedpe-syriac,uni0727,727,403,AL,316,Import,"ESM, ESN, EM, AAA",
reversedpe-syriac.init,uni0727.init,,404,AL,411,Import,"ESM, ESN, EM, AAA",
reversedpe-syriac.medi,uni0727.medi,,405,AL,412,Import,"ESM, ESN, EM, AAA",
reversedpe-syriac.fina,uni0727.fina,,406,AL,413,Import,"ESM, ESN, EM, AAA",
sadhe-syriac,uni0728,728,407,AL,317,Import,"ESM, ESN, EM, AAA",
sadhe-syriac.fina,uni0728.fina,,408,AL,414,Import,"ESM, ESN, EM, AAA",
sadhe_nun-syriac,uni07280722,,409,AL,425,Import,"ESM, ESN, EM, AAA",
sadhe_nun-syriac.fina,uni07280722.fina,,410,AL,426,Import,"ESM, ESN, EM, AAA",
qaph-syriac,uni0729,729,411,AL,318,Import,"ESM, ESN, EM, AAA",
qaph-syriac.init,uni0729.init,,412,AL,415,Import,"ESM, ESN, EM, AAA",
qaph-syriac.medi,uni0729.medi,,413,AL,416,Import,"ESM, ESN, EM, AAA",
qaph-syriac.fina,uni0729.fina,,414,AL,417,Import,"ESM, ESN, EM, AAA",
rish-syriac,uni072A,072A,415,AL,319,Import,"ESM, ESN, EM, AAA",
rish-syriac.fina,uni072A.fina,,416,AL,418,Import,"ESM, ESN, EM, AAA",
rish_dieresiscomb-syriac,uni072A0308,,417,AL,433,Import,"ESM, ESN, AAA",
rish_dieresiscomb-syriac.fina,uni072A0308.fina,,418,AL,434,Import,"ESM, ESN, EM, AAA",
shin-syriac,uni072B,072B,419,AL,320,Import,"ESM, ESN, EM, AAA",
shin-syriac.init,uni072B.init,,420,AL,419,Import,"ESM, ESN, EM, AAA",
shin-syriac.medi,uni072B.medi,,421,AL,420,Import,"ESM, ESN, EM, AAA",
shin-syriac.fina,uni072B.fina,,422,AL,421,Import,"ESM, ESN, EM, AAA",
taw-syriac,uni072C,072C,423,AL,321,Import,"ESM, ESN, EM, AAA",
taw-syriac.fina,uni072C.fina,,424,AL,422,Import,"ESM, ESN, EM, AAA",
taw_alaph-syriac,uni072C0710,,425,AL,427,Import,"ESM, ESN, EM, AAA",
taw_alaph-syriac.fina,uni072C0710.fina,,426,AL,428,Import,"ESM, ESN, EM, AAA",
taw_alaph-syriac.alt,uni072C0710.alt,,427,AL,435,Import,"ESM, ESN, AAA",alt
taw_alaph-syriac.fina.alt,uni072C0710.fina.alt,,428,AL,436,Import,"ESM, ESN, AAA",alt
taw_alaph-syriac.alt3,uni072C0710.alt3,,429,AL,444,Import,"ESM, ESN, AAA",alt3
taw_alaph-syriac.fina.alt3,uni072C0710.fina.alt3,,430,AL,445,Import,"ESM, ESN, AAA",alt3
taw_yudh-syriac,uni072C071D,,431,AL,431,Import,"ESM, ESN, AAA",
taw_yudh-syriac.fina,uni072C071D.fina,,432,AL,432,Import,"ESM, ESN, AAA",
pthahaabove-syriac,uni0730,730,439,NSM,322,Import,"ESM, ESN, EM, AAA",
pthahabelow-syriac,uni0731,731,440,NSM,323,Import,"ESM, ESN, EM, AAA",
pthahadotted-syriac,uni0732,732,441,NSM,324,Import,"ESM, ESN, EM, AAA",
zqaphaabove-syriac,uni0733,733,442,NSM,325,Import,"ESM, ESN, EM, AAA",
zqaphabelow-syriac,uni0734,734,443,NSM,326,Import,"ESM, ESN, EM, AAA",
zqaphadotted-syriac,uni0735,735,444,NSM,327,Import,"ESM, ESN, EM, AAA",
rbasaabove-syriac,uni0736,736,445,NSM,328,Import,"ESM, ESN, EM, AAA",
rbasabelow-syriac,uni0737,737,446,NSM,329,Import,"ESM, ESN, EM, AAA",
zlamadottedhorizontal-syriac,uni0738,738,447,NSM,330,Import,"ESM, ESN, EM, AAA",
zlamadottedangular-syriac,uni0739,739,448,NSM,331,Import,"ESM, ESN, EM, AAA",
hbasaabove-syriac,uni073A,073A,449,NSM,332,Import,"ESM, ESN, EM, AAA",
hbasabelow-syriac,uni073B,073B,450,NSM,333,Import,"ESM, ESN, EM, AAA",
hbasaEsasadotted-syriac,uni073C,073C,451,NSM,334,Import,"ESM, ESN, EM, AAA",
esasaabove-syriac,uni073D,073D,452,NSM,335,Import,"ESM, ESN, EM, AAA",
esasabelow-syriac,uni073E,073E,453,NSM,336,Import,"ESM, ESN, EM, AAA",
rwaha-syriac,uni073F,073F,454,NSM,337,Import,"ESM, ESN, EM, AAA",
femininedot-syriac,uni0740,740,455,NSM,338,Import,"ESM, ESN, EM, AAA",
qushshaya-syriac,uni0741,741,456,NSM,339,Import,"ESM, ESN, EM, AAA",
rukkakha-syriac,uni0742,742,457,NSM,340,Import,"ESM, ESN, EM, AAA",
twodotsverticalabove-syriac,uni0743,743,458,NSM,341,Import,"ESM, ESN, EM, AAA",
twodotsverticalbelow-syriac,uni0744,744,459,NSM,342,Import,"ESM, ESN, EM, AAA",
threedotsabove-syriac,uni0745,745,460,NSM,343,Import,"ESM, ESN, EM, AAA",
threedotsbelow-syriac,uni0746,746,461,NSM,344,Import,"ESM, ESN, EM, AAA",
obliquelineabove-syriac,uni0747,747,462,NSM,345,Import,"ESM, ESN, EM, AAA",
obliquelinebelow-syriac,uni0748,748,463,NSM,346,Import,"ESM, ESN, EM, AAA",
music-syriac,uni0749,749,464,NSM,347,Import,"ESM, ESN, EM, AAA",
barrekh-syriac,uni074A,074A,465,NSM,348,Import,"ESM, ESN, EM, AAA",
westSyriacCross,uni2670,2670,466,,354,Import,"ESM, ESN, EM, AAA",
eastSyriacCross,uni2671,2671,467,,355,Import,"ESM, ESN, EM, AAA",
tildecomb,uni0303,303,500,NSM,239,Import,"ESM, ESN, EM, AAA",
macroncomb,uni0304,304,501,NSM,240,Import,"ESM, ESN, EM, AAA",
dotaccentcomb,uni0307,307,502,NSM,241,Import,"ESM, ESN, EM, AAA",
dieresiscomb,uni0308,308,503,NSM,242,Import,"ESM, ESN, EM, AAA",
ringcomb,uni030A,030A,504,NSM,243,Import,"ESM, ESN, EM, AAA",
minusbelowcomb,uni0320,320,504.1,NSM,,New,,
dotbelowcomb,uni0323,323,505.1,NSM,245,Import,"ESM, ESN, EM, AAA",
dotaboveleftcomb,uni1DF8,1DF8,505.2,,550,Import,ESM,
dotbelowleftcomb,uni1DFA,1DFA,505.3,,551,Import,ESM,
dieresisbelowcomb,uni0324,324,506,NSM,246,Import,"ESM, ESN, EM, AAA",
ringbelowcomb,uni0325,325,507,NSM,247,Import,"ESM, ESN, EM, AAA",
circumflexbelowcomb,uni032D,032D,508,NSM,248,Import,"ESM, ESN, EM, AAA",
brevebelowcomb,uni032E,032E,509,NSM,249,Import,"ESM, ESN, EM, AAA",
tildebelowcomb,uni0330,330,510,NSM,250,Import,"ESM, ESN, EM, AAA",
macronbelowcomb,uni0331,331,511,NSM,244,Import,"ESM, ESN, EM, AAA",
comma-ar,uni060C,060C,600,CS,251,ImportSyrc,"ESM, ESN, EM, AAA",
semicolon-ar,uni061B,061B,601,AL,252,ImportSyrc,"ESM, ESN, EM, AAA",
question-ar,uni061F,061F,602,AL,253,ImportSyrc,"ESM, ESN, EM, AAA",
kashida-ar,uni0640,640,604.1,AL,255,ImportSyrc,"ESM, ESN, EM, AAA",
U0640ThreeQuart,uni0640.threequarter,,604.2,,235,ImportSyrc,"ESM, ESN, EM, AAA",
U0640Quart,uni0640.quarter,,604.3,,236,ImportSyrc,"ESM, ESN, EM, AAA",
U0640Half,uni0640.half,,604.4,,237,ImportSyrc,"ESM, ESN, EM, AAA",
shadda-ar,uni0651,651,611,NSM,262,ImportSyrc,"ESM, ESN, EM, AAA",
enquad,uni2000,2000,700,,,Req,,
emquad,uni2001,2001,701,,,Req,,
enspace,uni2002,2002,702,,,Req,,
emspace,uni2003,2003,703,,,Req,,
threeperemspace,uni2004,2004,704,,,Req,,
fourperemspace,uni2005,2005,705,,,Req,,
sixperemspace,uni2006,2006,706,,,Req,,
figurespace,uni2007,2007,707,,,Req,,
punctuationspace,uni2008,2008,708,,,Req,,
thinspace,uni2009,2009,709,,,Req,,
hairspace,uni200A,200A,710,,,Req,,
zerowidthspace,uni200B,200B,711,,,Req,,
zerowidthnonjoiner,uni200C,200C,712,,349,Req,"ESM, ESN, EM, AAA",
zerowidthjoiner,uni200D,200D,713,,350,Req,"ESM, ESN, EM, AAA",
zeroWidthNoBreakSpace,uniFEFF,FEFF,714,,,Req,,
lefttorightmark,uni200E,200E,715,,351,Req,"ESM, ESN, EM, AAA",
righttoleftmark,uni200F,200F,716,,352,Req,"ESM, ESN, EM, AAA",
nonbreakinghyphen,uni2011,2011,717,,,Req,,
figuredash,figuredash,2012,718,,,Req,,
endash,endash,2013,719,,554,Req,"ESM, ESN, EM, AAA",
emdash,emdash,2014,720,,,Req,,
horizontalbar,uni2015,2015,721,,,Req,,
quoteleft,quoteleft,2018,722.1,,208,Import,"ESM, ESN, EM, AAA",
quoteleft.latn,quoteleft.latn,,722.2,,,Latn,,
quoteright,quoteright,2019,723.1,,209,Import,"ESM, ESN, EM, AAA",
quoteright.latn,quoteright.latn,,723.2,,,Latn,,
quotesinglbase,quotesinglbase,201A,724,,,Req,,
quotereversed,quotereversed,201B,725,,,???,,
quotedblleft,quotedblleft,201C,726.1,,210,Import,"ESM, ESN, EM, AAA",
quotedblleft.latn,quotedblleft.latn,,726.2,,,Latn,,
quotedblright,quotedblright,201D,727.1,,211,Import,"ESM, ESN, EM, AAA",
quotedblright.latn,quotedblright.latn,,727.2,,,Latn,,
quotedblbase,quotedblbase,201E,728,,,Req,,
quotedblrightreversed,quotedblrightreversed,201F,729,,,???,,
dagger,dagger,2020,730,,,Req,,
daggerdbl,daggerdbl,2021,730,,,Req,,
bullet,bullet,2022,731,,552,Req,"ESM, ESN, EM, AAA",
ellipsis,ellipsis,2026,732,,,Req,,
hyphenationpoint,uni2027,2027,733,,,Req,,
lineseparator,uni2028,2028,734,,,Req,,
paragraphseparator,uni2029,2029,735,,,Req,,
lefttorightembedding,uni202A,202A,736,,,Req,,
righttoleftembedding,uni202B,202B,736,,,Req,,
popdirectionalformatting,uni202C,202C,738,,,Req,,
lefttorightoverride,uni202D,202D,739,,,Req,,
righttoleftoverride,uni202E,202E,740,,,Req,,
narrownbspace,uni202F,202F,741,,,Req,,
perthousand,perthousand,2030,742,,,Req,,
guilsinglleft,guilsinglleft,2039,743,,,Req,,
guilsinglright,guilsinglright,203A,744,,,Req,,
fraction,fraction,2044,745,,,Req,,
wordjoiner,uni2060,2060,746,,,Req,,
lefttorightisolate,uni2066,2066,750,,,Req,,
righttoleftisolate,uni2067,2067,751,,,Req,,
firststrongisolate,uni2068,2068,752,,,Req,,
popdirectionalisolate,uni2069,2069,753,,,Req,,
inhibitformshaping-ar,uni206C,206C,754,,,RTL,,
activateformshaping-ar,uni206D,206D,755,,,RTL,,
euro,Euro,20AC,756,,,Req,,
trademark,trademark,2122,757,,,Req,,
Ohm,Omega,2126,758,,,Req,,
partialdiff,partialdiff,2202,759.1,,,Req,,
partialdiff.rtl,partialdiff.rtl,,759.2,,,RTL,,
Delta,Delta,2206,760,,,Req,,
product,product,220F,761,,,Req,,
summation,summation,2211,762.1,,,Req,,
summation.rtl,summation.rtl,,762.2,,,RTL,,
minus,minus,2212,763,,,???,,
divisionslash,uni2215,2215,764,,,???,,
reverseSolidusOperator,uni29F5,29F5,765,,,???,,
bulletoperator,uni2219,2219,765.2,,553,Req,"ESM, ESN, EM, AAA",
radical,radical,221A,767.1,,,Req,,
radical.rtl,radical.rtl,,767.2,,,RTL,,
infinity,infinity,221E,768,,,Req,,
integral,integral,222B,769.1,,,Req,,
integral.rtl,integral.rtl,,769.2,,,RTL,,
approxequal,approxequal,2248,770.1,,,Req,,
approxequal.rtl,approxequal.rtl,,770.2,,,RTL,,
notequal,notequal,2260,771.1,,,Req,,
notequal.rtl,notequal.rtl,,771.2,,,RTL,,
lessequal,lessequal,2264,772,,,Req,,
greaterequal,greaterequal,2265,773,,,Req,,
blank,uni2423,2423,774,,,Req,,
lozenge,lozenge,25CA,775,,,Req,,
dottedCircle,uni25CC,25CC,776,,353,Req,"ESM, ESN, EM, AAA",
FontBslnSideBrngMrkrLft,uniF130,F130,777,,,Req,,
FontBslnSideBrngMrkrRt,uniF131,F131,778,,,Req,,
fi,fi,FB01,779,,,Req,,
fl,fl,FB02,780,,,Req,,
glottalstopmod,uni02C0,02C0,813,,204,Import,"ESM, ESN, EM, AAA",
glottalstopreversedmod,uni02C1,02C1,814,,205,Import,"ESM, ESN, EM, AAA",
overline,uni203E,203E,815,,113,Import,"ESM, ESN, EM, AAA",
ringhalfrightcentered,uni02D2,02D2,816,,206,Import,"ESM, ESN, EM, AAA",
ringhalfleftcentered,uni02D3,02D3,817,,207,Import,"ESM, ESN, EM, AAA",
VS1,uniFE00,FE00,1000,,,Req,,
VS2,uniFE01,FE01,1001,,,Req,,
VS3,uniFE02,FE02,1002,,,Req,,
VS4,uniFE03,FE03,1003,,,Req,,
VS5,uniFE04,FE04,1004,,,Req,,
VS6,uniFE05,FE05,1005,,,Req,,
VS7,uniFE06,FE06,1006,,,Req,,
VS8,uniFE07,FE07,1007,,,Req,,
VS9,uniFE08,FE08,1008,,,Req,,
VS10,uniFE09,FE09,1009,,,Req,,
VS11,uniFE0A,FE0A,1010,,,Req,,
VS12,uniFE0B,FE0B,1011,,,Req,,
VS13,uniFE0C,FE0C,1012,,,Req,,
VS14,uniFE0D,FE0D,1013,,,Req,,
VS15,uniFE0E,FE0E,1014,,,Req,,
VS16,uniFE0F,FE0F,1015,,,Req,,
objectReplacementCharacter,uniFFFC,FFFC,1016,,,Req,,
replacementCharacter,uniFFFD,FFFD,1017,,,Req,,